id	source	textHash
app_overview.md#1	app_overview.md	66b7f2984a1723fcbfa2c22c14240f8f93c1723f75e492b018734191e9ae2af4
app_overview.md#2	app_overview.md	6a4d1b5a9ded75c65dabdd1a702eec834b90cccf1b4ed8cdc80ad87c2826c27f
app_overview.md#3	app_overview.md	3bb36d9e131c6bc84f65a5ad24a29ddcaffdbf038a3948fbe6b6aac616dd92fd
app_overview.md#4	app_overview.md	535f34cc7d012e7423bf1b11434940b3982f67156db8a24a534463fc9d5fcb85
app_overview.md#5	app_overview.md	86187ff97bd15af69601401690c6a5065560d69bf5e89a19a6690eb1cbbb5da8
app_overview.md#6	app_overview.md	95f254e0b02b5a79aa72951d5f09c996b0371d0c1eb5e115dc004e2c4981261a
info.md#1	info.md	83660b53cc19aeb85ee685b3bcafca38df03ae6369b933c44caf9566146d1408
info.md#2	info.md	55bef45c63733c15409f2429d3df8b523a1a71a8ea8829d8ebd99601ea6d8af0
info.md#3	info.md	29b2fc1bf68815aa911af97a677f1d9b66ee33ec37fd39278f4f8bec9596ddee
info.md#4	info.md	fe0a076b96ef58e5bcc0e9d6a010effe8998fe39ab61a2f4f9630c8f489f5de2
info.md#5	info.md	de48fe605e7266b5b1e54b54849782824faa795b6e2981fb0a9a0ec84ecb5a3b
info.md#6	info.md	68e568485eaa7dd3318208599a9c708fae7daa5d42d430826b6a13f32d1fdbc8
info.md#7	info.md	b289c4ef1e7a36baa037c8cb235f8763f64fd17d808e18633c3ca2434da65e2f
info.md#8	info.md	a779d75915448df75e1a87a588c9e02f16c47e57c4f6b903dcd9d2dff7e281a6
info.md#9	info.md	02ed2203438580aa66380e649da3cda6a47b70c0de7800626b658083b61e9eb9
info.md#10	info.md	d7a5b53839babc6f21856236d220b55577f62dda90e5c560d420bc3eb002f378
info.md#11	info.md	c063f5bb365c66abf519fdc75e5c2de3d5bdcffd7b53040b4ef06018c996e5ed
info.md#12	info.md	9e428af710f93acee1280e02e0f6f4782f2af833192832003bfc82a11a73124c
info.md#13	info.md	d964f6803fe0430ae408487b7cc897a66a70e5d3a4782bc31749de3f7dc1dcba
info.md#14	info.md	e9f3aacb30803d3bbf53fd5857856b52f5e2359f98dce727776b553982b8607e
info.md#15	info.md	271e7e7278ae7d936cd89b49b8a5e3b7ee0023564ad5ef7eee37935f71ccdce3
info.md#16	info.md	677aa374ecb95ac43664ea5ecc12f39032cec78b53f6c72ac003be353554d006
info.md#17	info.md	80900898ca2d74c9954d1aaea6ce7a1f7116826d795feee0b5a5b52e37196935
info.md#18	info.md	70b2df00379f961fb9a4848d4eec32852cca692dcb1d06bd89b58824be6f0646
info.md#19	info.md	cc7defa32f318f9d15499605249ce58da766e8a29c97f7cdbda02b1bc9c4262b
info.md#20	info.md	152c69e0d8f2974b86301226afed693c84d4e21fb22076b3d7de6f34cf23385b
info.md#21	info.md	a7e52e2687764dff3d435c63fc31d1abd355d27cea90afd47b10b5dbc92160e4
info.md#22	info.md	5fbf8aec40d5e65de84d20b24ec819b503988fed510de99becea433d2bba3195
info.md#23	info.md	519fd3685712d6054e09f6baa9ead084dea5c4a48093e65a21845dee93ab744d
info.md#24	info.md	754fe12bf03e224625b8d3061ac1e568c6b3758b183704e7e6ff64f194fe58f4
info.md#25	info.md	ab9ebbd6edd88cefae9a9cead43b8fc9cdc2583d088c837c68309f08e612c753
info.md#26	info.md	1bceea8c132831b13c9c14fd8c48d1392ce3f5103d32f6c3313b1e025341113a
info.md#27	info.md	5744ee6f0a3bbefdd56a74898d92ed6380371c962bdf28a27140cd3ee836080e
info.md#28	info.md	7b8faab0d504abfe18916a5db362879bc81510636e8391002263f220f743c04b
info.md#29	info.md	f08eef6f81465456bf61efccde3db735ff146a07792f90c3f38c2a5b3415f620
posture_guidelines.md#1	posture_guidelines.md	f93667a280585327fa4f8b701cde4cc9bc4b8945b1d393e6a263c1ab3e5f2a46
posture_guidelines.md#2	posture_guidelines.md	84c102a1a981349229f60fd0d28fc2757ac2e0ac810a53f13d91e8e6633ad9c9
posture_guidelines.md#3	posture_guidelines.md	351076be9fa0292f82d9da28d3e455fce4dc8284307c993c0b146ba3a4a7b02f
posture_guidelines.md#4	posture_guidelines.md	0cdda6aa3e51c07b1812314a8fda45a5ac9ed2db8be19c0cc35751168d23c3e4
posture_guidelines.md#5	posture_guidelines.md	11c35e82cb03624e332c463bf40063f202d75a87435eb1302941f2e3bdf0a1b0
posture_guidelines.md#6	posture_guidelines.md	c7591f43a71c57f20cb4667e4b64c1c34e2e7dcae0bb8b3caa87ac0b6df5062c
